file_id	source_id	id_lotto	cig	oggetto	sceltaContraente	importoAggiudicazione	importoSommeLiquidate	cfStrutturaProponente	strutturaProponente	dataInizio	dataUltimazione	dataUltimoAggiornamentoDataset
0c0ff3e6b1923e90ad5cd6080615c026	05841780827	eeb74543d64de3fac335523e2c22dc013909b780	5381466E37	PROCEDURA NEGOZIATA PER LA FORNITURA DI REATTIVI OCCORRENTI ALLA U.O. EMATOLOGIA I E UTMO	04-PROCEDURA NEGOZIATA SENZA PREVIA PUBBLICAZIONE DEL BANDO	 5520.0	0.0	05841780827	Azienda Ospedaliera Ospedali Riuniti Villa Sofia Cervello	2014-05-19	2014-05-30	2015-01-26
1c95df0289d392242200229117548d43	05841790826	11469315dbb0192a9f21a0924c2a18eb665f3418	Z0C0DD8D78	FORNITURA ARMADIO METALLICO E SCAFFALATURA	23-AFFIDAMENTO IN ECONOMIA - AFFIDAMENTO DIRETTO	 792.0	792.0	05841790826	AZIENDA OSPEDALIERA UNIVERSITARIA POLICLINICO PAOLO GIACCONE	2014-02-14	2014-02-28	2015-01-31
1c95df0289d392242200229117548d43	05841790826	637d5b663a1e5a10d070ce72c2c140a937aa5d2c	ZF8103CB54	FORNITURA SERVER CON ACCESSORI CONVENZIONE CONSIP	26-AFFIDAMENTO DIRETTO IN ADESIONE AD ACCORDO QUADRO/CONVENZIONE	 6256.0	6256.0	05841790826	AZIENDA OSPEDALIERA UNIVERSITARIA POLICLINICO PAOLO GIACCONE	2014-09-02	2014-09-24	2015-01-31
1c95df0289d392242200229117548d43	05841790826	7a8fbc1973f7a41d78351dc88893dcd58067c1ce	Z8F09A478C	LOTTO N. 5 PIPETTE PLASTICA STERILI	03-PROCEDURA NEGOZIATA PREVIA PUBBLICAZIONE DEL BANDO	 510.0	510.0	05841790826	AZIENDA OSPEDALIERA UNIVERSITARIA POLICLINICO PAOLO GIACCONE	2014-03-01	2014-03-31	2015-01-31
1c95df0289d392242200229117548d43	05841790826	c7b720eb448e9dc9e7da082b4e40ec0283eedb16	59310866FF	LOTTO N. 17FORNITURA DI SUTURE, LINEA MECCANICA MATERIALE PER LAPAROSCOPIA, RETI E MATERIALE VARIO PER LE UU.OO DELL'AOUP	01-PROCEDURA APERTA	 2325.0	0.0	05841790826	AZIENDA OSPEDALIERA UNIVERSITARIA POLICLINICO PAOLO GIACCONE	2014-09-28	2014-12-31	2015-01-31
1c95df0289d392242200229117548d43	05841790826	cbf4733e4a1e9acca9b389f17f1d1610e0548544	Z3F0F7F5D2	PUBBLICAZIONE GARA IL SOLE 24 ORE	23-AFFIDAMENTO IN ECONOMIA - AFFIDAMENTO DIRETTO	 500.0	500.0	05841790826	AZIENDA OSPEDALIERA UNIVERSITARIA POLICLINICO PAOLO GIACCONE	2014-06-04	2014-06-30	2015-01-31
1c95df0289d392242200229117548d43	05841790826	d76cec1becbeb035ed018f4ba896c2aafc42290e	Z2809A473D	LOTTO N. 3 - PIASTRE PER COLTURE CORNING	03-PROCEDURA NEGOZIATA PREVIA PUBBLICAZIONE DEL BANDO	 171.0	171.0	05841790826	AZIENDA OSPEDALIERA UNIVERSITARIA POLICLINICO PAOLO GIACCONE	2014-03-01	2014-03-31	2015-01-31
1e74b6588fc6967094afb3d1eb308cfa	05841790826	0a357a9b13d19ba111b051f73144b2e8a5c045d8	Z06104785B	sostituzione interruttore magnetotermico differenziale bipolare	08-AFFIDAMENTO IN ECONOMIA - COTTIMO FIDUCIARIO	 119.3	0.0	05841790826	AZIENDA OSPEDALIERA UNIVERSITARIA POLICLINICO PAOLO GIACCONE	2013-08-26	2013-08-26	2015-01-31
1e74b6588fc6967094afb3d1eb308cfa	05841790826	0daa655b1aae9b01938d55878a8c4320e552f64b	ZC210F6C2F	FORNITURA	08-AFFIDAMENTO IN ECONOMIA - COTTIMO FIDUCIARIO	 522.59	0.0	05841790826	Azienda Ospedaliera Universitaria Paolo Giaccone	2014-08-13	2014-08-25	2015-01-31
1e74b6588fc6967094afb3d1eb308cfa	05841790826	0f1a68ddda2e571178bf774af871baa356abf0c3	Z7E11089CD	Lavori di manutenzione ordinaria in somma urgenza c/o U.O. di Dipartimento di Diagnostica laboratorio settore gestione unitaria prelievi per riparazione impianto elettrico	08-AFFIDAMENTO IN ECONOMIA - COTTIMO FIDUCIARIO	 722.0	722.0	05841790826	AZIENDA OSPEDALIERA UNIVERSITARIA POLICLINICO PAOLO HIACCONE DI PALERMO	2014-03-24	2014-03-27	2015-01-31
1e74b6588fc6967094afb3d1eb308cfa	05841790826	0f756441fe4374787445388bad8c3365fadb3e22	Z3A12076E4	Lavori di manutenzione ordinaria in sommaurgenza c/o il Laboratorio di Analisi per ripristino impianto di illuminazione	08-AFFIDAMENTO IN ECONOMIA - COTTIMO FIDUCIARIO	 1097.05	1097.05	05841790826	AZIENDA OSPEDALIERA UNIVERSITARIA POLICLINICO PAOLO HIACCONE DI PALERMO	2014-08-06	2014-08-08	2015-01-31
1e74b6588fc6967094afb3d1eb308cfa	05841790826	11a1ea366613c92d5687208d3f652b904d79874b	Z431208224	Lavori di manutenzione ordinaria in somma urgenza c/o U.O. di Chirurgia Generale d'Urgenza per riparazione impianto elettrico nei vari ambienti	08-AFFIDAMENTO IN ECONOMIA - COTTIMO FIDUCIARIO	 101990.0	101990.0	05841790826	AZIENDA OSPEDALIERA UNIVERSITARIA POLICLINICO PAOLO HIACCONE DI PALERMO	2014-08-06	2014-08-08	2015-01-31
1e74b6588fc6967094afb3d1eb308cfa	05841790826	15dd4a48616e73d97326c555d5da4094a821f127	Z2310DE448	Lavori di manutenzione straordinaria in somma urgenza c/o il Servizio Centralizzato Diagnostica per Immsgini per la messa a norma dellimpianto elettrico e punti rete nei nuovi locali del reparto di ecografia	08-AFFIDAMENTO IN ECONOMIA - COTTIMO FIDUCIARIO	 60571100.0	60571100.0	05841790826	AZIENDA OSPEDALIERA UNIVERSITARIA POLICLINICO PAOLO HIACCONE DI PALERMO	2014-08-22	2014-10-10	2015-01-31
1e74b6588fc6967094afb3d1eb308cfa	05841790826	17fe86236afcc81b58a886dfbb917ead935d21a7	Z01119ABDD	intervento di ripristino servizi igienici e tinteggiatura porte locali SIPP via corazza n.24d	08-AFFIDAMENTO IN ECONOMIA - COTTIMO FIDUCIARIO	 3597.2	0.0	05841790826	AOUP P GIACCONE DI PA	2014-06-12	2014-07-21	2015-01-31
1e74b6588fc6967094afb3d1eb308cfa	05841790826	1f131f5fbda805eb25d4f1eae090549b380d0c9f	Z841105E51	Lavori di manutenzione ordinaria in somma urgenza c/o U.O. di Geriatria per riparazione impianto di chiamata degenza	08-AFFIDAMENTO IN ECONOMIA - COTTIMO FIDUCIARIO	 132610.0	132610.0	05841790826	AZIENDA OSPEDALIERA UNIVERSITARIA POLICLINICO PAOLO HIACCONE DI PALERMO	2014-04-28	2014-04-30	2015-01-31
1e74b6588fc6967094afb3d1eb308cfa	05841790826	226e6fc31cdc91eb802cc90af151a23a6cd392a5	XB90D90B06	Riparazione caldaia dellÃ‚Â¿U.O. richiesta prot. n. 8331 del 9 dicembre 2013	08-AFFIDAMENTO IN ECONOMIA - COTTIMO FIDUCIARIO	 880.96	0.0	05841790826	Azienda Ospedaliera Universitaria Policlinico Paolo Giaccone	2013-12-09	2013-12-10	2015-01-31
1e74b6588fc6967094afb3d1eb308cfa	05841790826	25c235d4128577de803dd9df073b9781a70e7c5c	Z941206FC6	Lavori di manutenzione ordinaria in somma urgenza c/o CORELAB per riparazione elettrici	08-AFFIDAMENTO IN ECONOMIA - COTTIMO FIDUCIARIO	 986.0	986.0	05841790826	AZIENDA OSPEDALIERA UNIVERSITARIA POLICLINICO PAOLO HIACCONE DI PALERMO	2014-08-17	2014-08-20	2015-01-31
1e74b6588fc6967094afb3d1eb308cfa	05841790826	3ef6d8be0519f4cb414044c545ff4a5485553d07	Z981105114	Lavori di manutenzione ordinaria in somma urgenza c/ U.O. di Medicina dei Viaggi del Turismo	08-AFFIDAMENTO IN ECONOMIA - COTTIMO FIDUCIARIO	 998.22	998.22	05841790826	AZIENDA OSPEDALIERA UNIVERSITARIA POLICLINICO PAOLO HIACCONE DI PALERMO	2014-03-26	2014-03-28	2015-01-31
1e74b6588fc6967094afb3d1eb308cfa	05841790826	3f548d9623b31dda89063e38700048aef29c4db9	X3A0D90B1C	Riparazione di n. 1 condizionatore ubicato presso la stanza dellÃ‚Â¿Ufficio Pensionistico richiesta prot. n. 1096 del 19 febbraio 2014	08-AFFIDAMENTO IN ECONOMIA - COTTIMO FIDUCIARIO	 280.0	0.0	05841790826	Azienda Ospedaliera Universitaria Policlinico Paolo Giaccone	2014-02-19	2014-02-19	2015-01-31
1e74b6588fc6967094afb3d1eb308cfa	05841790826	49c05bd715064ba6eb7bb3ab5b693fb6a14fca8b	ZBE120423A	Lavori di manutenzione ordinaria in somma urgenza c/o U.O. di Otorinolaringoiatri per riparazione lettrici nella direzione	08-AFFIDAMENTO IN ECONOMIA - COTTIMO FIDUCIARIO	 911.83	911.83	05841790826	AZIENDA OSPEDALIERA UNIVERSITARIA POLICLINICO PAOLO HIACCONE DI PALERMO	2014-08-12	2014-08-13	2015-01-31
1e74b6588fc6967094afb3d1eb308cfa	05841790826	4aca36582cc361bde81f7c1af02396f7040fb4f9	z0212036c6	Lavori di manutenzione ordinaria in somma urgenza c/o U.O. di Chirurgia Generale ad indirizzo Toracico per la realizzazione di nuovi punti rete nelle stanza dei medici	08-AFFIDAMENTO IN ECONOMIA - COTTIMO FIDUCIARIO	 207474.0	207474.0	05841790826	AZIENDA OSPEDALIERA UNIVERSITARIA POLICLINICO PAOLO HIACCONE DI PALERMO	2014-07-08	2014-07-10	2015-01-31
1e74b6588fc6967094afb3d1eb308cfa	05841790826	4ccd13f39c9bb2174d45a054593a4268e733c237	000948319E	GARA DAMI 2	01-PROCEDURA APERTA	 1622494.23	0.0	05841790826	A.O.U.P. PAOLO GIACCONE	2014-10-22	2015-10-21	2015-01-31
1e74b6588fc6967094afb3d1eb308cfa	05841790826	4cff75024f8c4867f00af63e647274266816b48b	Z74110AB62	Lavori di manutenzione ordinaria in somma urgenza c/o U.O. di Chirurgia Generale e d'Urgenza per riapazione impianto elettrico di chiamata testaletto	21-PROCEDURA RISTRETTA DERIVANTE DA AVVISI CON CUI SI INDICE LA GARA	 1339.98	1339.98	05841790826	AZIENDA OSPEDALIERA UNIVERSITARIA POLICLINICO PAOLO HIACCONE DI PALERMO	2014-05-05	2014-06-08	2015-01-31
1e74b6588fc6967094afb3d1eb308cfa	05841790826	5be2bf1c188bf22035fa665ada2fef00e39e102a	Z431203D82	Lavori di manutenzione ordinaria in somma urgenza c/o il complesso operatorio per ripristino impianto di illuminazione	08-AFFIDAMENTO IN ECONOMIA - COTTIMO FIDUCIARIO	 1111.8	1111.8	05841790826	AZIENDA OSPEDALIERA UNIVERSITARIA POLICLINICO PAOLO HIACCONE DI PALERMO	2014-07-08	2014-07-10	2015-01-31
1e74b6588fc6967094afb3d1eb308cfa	05841790826	71453400bd2fa73de881fc53e0bec8e2b4296bcf	Z621202582	Lavorir di manutenzione ordinaria in somma urgenza c/o il Servizio Centralizzato Diagnostica per Immagini per eliminazione corto circuito	08-AFFIDAMENTO IN ECONOMIA - COTTIMO FIDUCIARIO	 161840.0	161840.0	05841790826	AZIENDA OSPEDALIERA UNIVERSITARIA POLICLINICO PAOLO HIACCONE DI PALERMO	2014-07-23	2014-07-30	2015-01-31
1e74b6588fc6967094afb3d1eb308cfa	05841790826	78aa40a08ca025e0f7b3372fc23bf39225241467	Z730B8A9E7	COLLAUDO TECNICO-AMMINISTRATIVO LAVORI CARDIOCHIRURGIAING. ROBERTO BRUNO	23-AFFIDAMENTO IN ECONOMIA - AFFIDAMENTO DIRETTO	 488652.0	0.0	05841790826	A.O.U.P. PAOLO GIACCONE	2014-06-24	2015-02-28	2015-01-31
1e74b6588fc6967094afb3d1eb308cfa	05841790826	78b00607915098609c760765891f1c4b18124155	0000000000	FORNITURA	23-AFFIDAMENTO IN ECONOMIA - AFFIDAMENTO DIRETTO	 26782.8	26782.8	05841790826	A.O.U.P. PAOLO GIACCONE	2012-07-06		2015-01-31
1e74b6588fc6967094afb3d1eb308cfa	05841790826	7f3b2eb1267c565da34561c1a5c7ce909510cf50	Z2010EFAES	Lavori di manutenzione straordinaria in somma urgenza c/o il Servizio Centralizzato Diagnostica per Immagini per ristrutturazione dei nuovi locali del reparto di ecografia , siti al piano rialzato	08-AFFIDAMENTO IN ECONOMIA - COTTIMO FIDUCIARIO	 17000.0	17000.0	05841790826	AZIENDA OSPEDALIERA UNIVERSITARIA POLICLINICO PAOLO HIACCONE DI PALERMO	2014-08-22	2014-10-10	2015-01-31
1e74b6588fc6967094afb3d1eb308cfa	05841790826	80b4b7ca6b590b275642002321ff157093c8c693	ZF60E7E704	Lavori di manutenzione ordinaria in somma urgenza c/o U.O. di Ostetricia e Ginecologia per riparazioni elettrici	08-AFFIDAMENTO IN ECONOMIA - COTTIMO FIDUCIARIO	 1481.28	1481.28	05841790826	AZIENDA OSPEDALIERA UNIVERSITARIA POLICLINICO PAOLO HIACCONE DI PALERMO	2014-01-29	2014-01-31	2015-01-31
1e74b6588fc6967094afb3d1eb308cfa	05841790826	932507adec82d53347432b66912255022816d3d4	XB20D90B19	Fornitura e posa in opera di n. 1 vetro camera delle misure 55x185 richiesta del 27 dicembre 2013	08-AFFIDAMENTO IN ECONOMIA - COTTIMO FIDUCIARIO	 125.73	0.0	05841790826	Azienda Ospedaliera Universitaria Policlinico Paolo Giaccone	2013-12-27	2013-12-27	2015-01-31
1e74b6588fc6967094afb3d1eb308cfa	05841790826	9a10d9325fd3fdeee78ed303397da5dfe33f5820	ZA61105DAD	Lavori di manutenzione ordinaria in somma urgenza c/o U.O.di Chirurgia Generale e d'Urgenza per riparazione impianto di chiamata degenti	08-AFFIDAMENTO IN ECONOMIA - COTTIMO FIDUCIARIO	 1316.45	1316.45	05841790826	AZIENDA OSPEDALIERA UNIVERSITARIA POLICLINICO PAOLO HIACCONE DI PALERMO	2014-04-10	2014-04-12	2015-01-31
1e74b6588fc6967094afb3d1eb308cfa	05841790826	a39d4756676c68da3eb38b9f345f3911ecdc2d4e	Z0A1086E42	FORNITURA	04-PROCEDURA NEGOZIATA SENZA PREVIA PUBBLICAZIONE DEL BANDO	 6516.24	0.0	05841790826	A.O.U.P. PAOLO GIACCONE	2014-07-31	2015-01-09	2015-01-31
1e74b6588fc6967094afb3d1eb308cfa	05841790826	a54c2e15ee2ad5d08921befa95e35ab4d3fae8b8	Z7E1105ABD	Lavori di manutenzione ordinaria in somma urgenza c/o U.O. Otorinolaringoiatria per riparazione impianto elettrico nei vari ambienti	08-AFFIDAMENTO IN ECONOMIA - COTTIMO FIDUCIARIO	 1044.8	1044.8	05841790826	AZIENDA OSPEDALIERA UNIVERSITARIA POLICLINICO PAOLO HIACCONE DI PALERMO	2014-03-24	2016-03-26	2015-01-31
1e74b6588fc6967094afb3d1eb308cfa	05841790826	a86cc0dd9a9d76cbe36b71bd245f68a888dcbdf9	ZF80E7D4ED	Lavori di manutenzione ordinaria in somma urgenza c/o U.O. di Ginecologia e Ostetricia per spostamento impianto di videocitofonico	08-AFFIDAMENTO IN ECONOMIA - COTTIMO FIDUCIARIO	 1327.71	1327.71	05841790826	AZIENDA OSPEDALIERA UNIVERSITARIA POLICLINICO PAOLO HIACCONE DI PALERMO	2014-02-02	2014-02-03	2015-01-31
1e74b6588fc6967094afb3d1eb308cfa	05841790826	a94a0ff3d893c92eb8366e911ef36d9e426755dc	ZF51106057	Lavori di manutenzione ordinaria in somma urgenza c/o U.O. del Servizio Centralizzato Diagnostica per Immagini per riparazione impianto elettrico	08-AFFIDAMENTO IN ECONOMIA - COTTIMO FIDUCIARIO	 1946.43	1946.43	05841790826	AZIENDA OSPEDALIERA UNIVERSITARIA POLICLINICO PAOLO HIACCONE DI PALERMO	2014-04-14	2014-04-17	2015-01-31
1e74b6588fc6967094afb3d1eb308cfa	05841790826	ae3f36357a89bb293836ee171a7a44e1e29a4a78	0009490763	FORNITURA	01-PROCEDURA APERTA	 269269608.0	322591104.0	05841790826	A.O.U.P. PAOLO GIACCONE	2010-11-30	2013-11-21	2015-01-31
1e74b6588fc6967094afb3d1eb308cfa	05841790826	af3fbfa12338e7eb19695390dd3c0feeecf138e0	Z9D11045AE	Lavori di manutenzione ordinario in somma urgenza c/o di Ostetricia e Ginecologia per riparazione elettrici nei vari ambienti	08-AFFIDAMENTO IN ECONOMIA - COTTIMO FIDUCIARIO	 129076.0	129076.0	05841790826	AZIENDA OSPEDALIERA UNIVERSITARIA POLICLINICO PAOLO HIACCONE DI PALERMO	2014-03-18	2014-04-01	2015-01-31
1e74b6588fc6967094afb3d1eb308cfa	05841790826	afaf3b7c077fe93f4ea4d38ce0a6e3d883b2fb1a	Z3B1202BAA	Lavori di manutenzione ordinaria in somma urgenza c/o U.O di terapia intensiva di neonatale per eliminazione di corto circuito	08-AFFIDAMENTO IN ECONOMIA - COTTIMO FIDUCIARIO	 1589.83	1589.83	05841790826	AZIENDA OSPEDALIERA UNIVERSITARIA POLICLINICO PAOLO HIACCONE DI PALERMO	2014-07-07	2014-07-09	2015-01-31
1e74b6588fc6967094afb3d1eb308cfa	05841790826	bbe67f57bc9ba7702b019a594dec784da36cdb92	X780D90B27	FORNITURA	08-AFFIDAMENTO IN ECONOMIA - COTTIMO FIDUCIARIO	 194.0	0.0	05841790826	Azienda Ospedaliera Universitaria Policlinico Paolo Giaccone	2013-10-31	2013-10-31	2015-01-31
1e74b6588fc6967094afb3d1eb308cfa	05841790826	c2386de8a61efc227b97080985201f88d598d730	ZBA0D0C480	riparazione impianto di condizionamento saletta chirurgica richiesta n. 2013/1945 del 11 dicembre 2013	08-AFFIDAMENTO IN ECONOMIA - COTTIMO FIDUCIARIO	 303.58	0.0	05841790826	Azienda Ospedaliera Universitaria Policlinico Paolo Giaccone	2013-12-11	2013-12-11	2015-01-31
1e74b6588fc6967094afb3d1eb308cfa	05841790826	cca19dbeaf88fdef0b1387ea60e1d3aa9b7a5a62	ZD71203A42	Lavori di manutenzione ordinaria in somma urgenza c/o il C.U.P. per la sostituzione del citofono esterno	08-AFFIDAMENTO IN ECONOMIA - COTTIMO FIDUCIARIO	 597.0	597.0	05841790826	AZIENDA OSPEDALIERA UNIVERSITARIA POLICLINICO PAOLO HIACCONE DI PALERMO	2014-07-03	2014-07-05	2015-01-31
1e74b6588fc6967094afb3d1eb308cfa	05841790826	d23d91ecc80417817097afa0555f9b46d52cb036	Z6B1106358	Lavori di manutenzione ordinaria in somma urgrnza c/o U-O. di Chirurgia Generale e dei Trapianti d'Organo per la realizzazione di impianto elettrico per nuovi postazione pc	08-AFFIDAMENTO IN ECONOMIA - COTTIMO FIDUCIARIO	 174261.0	174261.0	05841790826	AZIENDA OSPEDALIERA UNIVERSITARIA POLICLINICO PAOLO HIACCONE DI PALERMO	2014-03-06	2014-03-08	2015-01-31
1e74b6588fc6967094afb3d1eb308cfa	05841790826	d4897e24a563cddcc6300c7ae6f3d47d4c5a0d1f	X701101F14	Fornitura e posa in opera di n. 1 condizionatore da 12.000 btu inverter da posizionare presso l'ambulatori sala C richiesta prot. n. 4612 del 16 luglio 2014	08-AFFIDAMENTO IN ECONOMIA - COTTIMO FIDUCIARIO	 1000.0	0.0	05841790826	Azienda Ospedaliera Universitaria Policlinico Paolo Giaccone	2014-07-16	2014-10-21	2015-01-31
1e74b6588fc6967094afb3d1eb308cfa	05841790826	dfb271774473c9ba7f0925936414cfc1316846d0	Z930E7D914	Lavori di manutenzione ordinaria in somma urgenza c/o U.O. del Servizio Centralizzato di Diagnostica per Immagini per per riparazioni elettrici	08-AFFIDAMENTO IN ECONOMIA - COTTIMO FIDUCIARIO	 80866.0	80866.0	05841790826	AZIENDA OSPEDALIERA UNIVERSITARIA POLICLINICO PAOLO HIACCONE DI PALERMO	2014-08-08	2014-08-11	2015-01-31
1e74b6588fc6967094afb3d1eb308cfa	05841790826	e025d74dae69902ca7b0cb893a89c17d3934390d	Z010E7DED4	Lavori di manutenzione ordinaria in somma urgenza c/o U.O. Servizio Centralizzato Diagnostica per Immagini per riparazioni elettrici	08-AFFIDAMENTO IN ECONOMIA - COTTIMO FIDUCIARIO	 143827.0	143827.0	05841790826	AZIENDA OSPEDALIERA UNIVERSITARIA POLICLINICO PAOLO HIACCONE DI PALERMO	2014-01-14	2014-01-17	2015-01-31
1e74b6588fc6967094afb3d1eb308cfa	05841790826	e030d24af6b8d145e8bfff2b2db06007fe1c5f93	X481101F15	Fornitura e posa in opera di n. 1 condizionatore da 18.000 btu inverter, e smaltimento dell'esistente presso la sala interventistica richiesta prot. n. 6160 del 23 settembre 2014	08-AFFIDAMENTO IN ECONOMIA - COTTIMO FIDUCIARIO	 1700.0	0.0	05841790826	Azienda Ospedaliera Universitaria Policlinico Paolo Giaccone	2014-09-23	2014-10-21	2015-01-31
1e74b6588fc6967094afb3d1eb308cfa	05841790826	e402db7997498f61fd882b713b946ade12cb6e64	Z561203FB0	Lavori di manutenzione ordinaria in somma urgenza c/o U.O. di Geriatria per eliminazione corto circuito nella stanza del capo sala	08-AFFIDAMENTO IN ECONOMIA - COTTIMO FIDUCIARIO	 1334.02	1334.02	05841790826	AZIENDA OSPEDALIERA UNIVERSITARIA POLICLINICO PAOLO HIACCONE DI PALERMO	2014-07-24	2014-07-25	2015-01-31
4150893a01cc7a7a3e8b08fa765e98cc	05841770828	179279d9ac49f84424095ec8e1bba2036090d33f	55093657D1	GARA BACINO PER LA FORNITURA TRIENNALE MATERIALE SPECIALISTICO E PROTESICO DI NEUROCHIRURGIA	01-PROCEDURA APERTA	 23790.0	0.0	05841770828	ARNAS CIVICO PALERMO	2014-12-02	2017-12-01	2015-01-31
4150893a01cc7a7a3e8b08fa765e98cc	05841770828	2312e0da3d8ecb873610ac9b4b0cc8c5d87fcc12	57458010FC	SISTEMA PRODUZIONE DI ALIQUOTE DI PLASMA RICCO DI PIASTRINE	04-PROCEDURA NEGOZIATA SENZA PREVIA PUBBLICAZIONE DEL BANDO	 115016.2	85527.0	05841770828	AZIENDA OSPEDALIERA DI RILIEVO NAZIONALE E DI ALTA SPECIALIZZAZIONE CIVICO DI CRISTINA BENFRATELLI PALERMO	2014-04-15	2015-04-14	2015-01-31
4150893a01cc7a7a3e8b08fa765e98cc	05841770828	56f9646505560a11e4df614fdc6b822f05b36d2e	5715549C3B	FORNITURA KIT LDL AFERESI	04-PROCEDURA NEGOZIATA SENZA PREVIA PUBBLICAZIONE DEL BANDO	 350850.0	0.0	05841770828	AZIENDA OSPEDALIERA DI RILIEVO NAZIONALE E DI ALTA SPECIALIZZAZIONE CIVICO DI CRISTINA BENFRATELLI PALERMO	2014-04-10	2017-04-09	2015-01-31
4150893a01cc7a7a3e8b08fa765e98cc	05841770828	644564f280229599dbcdf5ca97911900243072d6	5574339AOE	STENT BIOLIMUS	01-PROCEDURA APERTA	 865800.0	0.0	05841770828	Azienda Ospedaliera di Rilievo Nazionale e di Alta Specializzazione Civico - G. Di Cristina Ã‚Â¿ Benfratelli	2014-06-20	2017-06-19	2015-01-31
4150893a01cc7a7a3e8b08fa765e98cc	05841770828	943c80715963aa923462984e8b6a6c0b27879d8b	5847932A24	DISINFETTANTE A BASE DI PERIDOSSIDO DI IDROGENO PIÃƒÂ¹ ETANOLO IN SOLUZIONE ACQUOSA	04-PROCEDURA NEGOZIATA SENZA PREVIA PUBBLICAZIONE DEL BANDO	 14250.0	0.0	05841770828	AZIENDA OSPEDALIERA DI RILIEVO NAZIONALE E DI ALTA SPECIALIZZAZIONE CIVICO DI CRISTINA BENFRATELLI PALERMO	2014-10-30	2015-10-29	2015-01-31
4150893a01cc7a7a3e8b08fa765e98cc	05841770828	9c45da80d9e5007e3c20ac598dee5f554fb16613	5574366DDB	STENT SIROLIMUS	01-PROCEDURA APERTA	 1609356.0	0.0	05841770828	Azienda Ospedaliera di Rilievo Nazionale e di Alta Specializzazione Civico - G. Di Cristina Ã‚Â¿ Benfratelli	2014-06-20	2017-06-19	2015-01-31
4150893a01cc7a7a3e8b08fa765e98cc	05841770828	e0f4d5b56f6a46a4eb3b94afd66066791663a96f	5574769F6B	INTRODUTTORE VALVOLATO	01-PROCEDURA APERTA	 66240.0	0.0	05841770828	Azienda Ospedaliera di Rilievo Nazionale e di Alta Specializzazione Civico - G. Di Cristina Ã‚Â¿ Benfratelli	2014-06-20	2017-06-19	2015-01-31
57165a6a533627c7441adb181131c489	05841770828	0133f668a9e47f49fc4bbddffd8d2e654389adfe	4568815169	MATERIALE DI CONSUMO DEDICATO MAMMOTOME	23-AFFIDAMENTO IN ECONOMIA - AFFIDAMENTO DIRETTO	 61000.0	60535.7	05841770828	ARNAS	2012-12-04	2013-12-04	2015-01-31
57165a6a533627c7441adb181131c489	05841770828	03d6cf6483ecb1b1f5f8fb39b96512976f8f07cd	47716065D5	DISPOSITIVI SPECIALISTICI XNEURORADIOLOGIA- SERVIMEDICA	04-PROCEDURA NEGOZIATA SENZA PREVIA PUBBLICAZIONE DEL BANDO	 180000.0	8650.0	05841770828	ARNAS	2013-08-07	2014-08-06	2015-01-31
57165a6a533627c7441adb181131c489	05841770828	0be825467bbe80e79a56d1a704e75f0ef047ec78	4793626151	INFORTUNI- POLIZZA TRIENNALE REGIONALE	01-PROCEDURA APERTA	 3945255.3	0.0	05841770828	ARNAS	2013-07-01	2106-06-30	2015-01-31
57165a6a533627c7441adb181131c489	05841770828	0d19b845993c7791b6cf0de4a3b8181985d1d23d	51166980C4	DISPOSITIVI SPECIALISTICI BIODEVICES- X VASCOLARE	04-PROCEDURA NEGOZIATA SENZA PREVIA PUBBLICAZIONE DEL BANDO	 122900.0	19895.0	05841770828	ARNAS	2013-11-26	2015-11-25	2015-01-31
57165a6a533627c7441adb181131c489	05841770828	174cbe3b0d8a89f0f613ff7b0717331f48117310	ZF209682FA	ACQUISTO CATETERI FOGARTY ORIGINALI DI PRODUZIONE EDWARDS	23-AFFIDAMENTO IN ECONOMIA - AFFIDAMENTO DIRETTO	 5133.0	0.0	05841770828	ARNAS	2013-03-05	2014-03-04	2015-01-31
57165a6a533627c7441adb181131c489	05841770828	22de53f2eead9e00bef24a05540ebafbb2b4d862	Z9E082FE6B	ACQUISTO MATERIALE DI CONSUMO DEDICATO RESETORE AETERNA SECONDO GUBBINI	04-PROCEDURA NEGOZIATA SENZA PREVIA PUBBLICAZIONE DEL BANDO	 23780.1	13214.31	05841770828	ARNAS	2013-07-01	2014-06-30	2015-01-31
57165a6a533627c7441adb181131c489	05841770828	26c3af1e67378b35b751d00381c4c8cf024b4a8c	Z3608623C9	ACQUISTO MATERIALE SPECIALISTICO PER LA CHIRURGIA PEDIATRICA	23-AFFIDAMENTO IN ECONOMIA - AFFIDAMENTO DIRETTO	 3600.0	3267.0	05841770828	ARNAS	2013-05-08	2014-05-08	2015-01-31
57165a6a533627c7441adb181131c489	05841770828	3133437a1cf9778b08ada668c8cfeb02650fa618	4771054E4C	DISPOSITIVI SPECIALISTICI X RADIOLOGIA VASCOLARE- EV3-BIENNALE	04-PROCEDURA NEGOZIATA SENZA PREVIA PUBBLICAZIONE DEL BANDO	 189900.0	9462.85	05841770828	ARNAS	2013-07-26	2015-07-26	2015-01-31
57165a6a533627c7441adb181131c489	05841770828	3246a708e321a17dd89ac0d5c4293797a6dbd912	Z8E0878200	FORNITURA IN ECONOMIA DI AGHI PER LOCAZIONE MAMMARIA	08-AFFIDAMENTO IN ECONOMIA - COTTIMO FIDUCIARIO	 520.5	419.87	05841770828	ARNAS	2013-03-01	2014-02-28	2015-01-31
57165a6a533627c7441adb181131c489	05841770828	39a16afcc3519a1ae10e4d449aa1c9aaae71a6c9	Z60096D439	ACQUISTO MATERIALE SPECIALISTICO PER LA CHIRURGIA PEDIATRICA	23-AFFIDAMENTO IN ECONOMIA - AFFIDAMENTO DIRETTO	 850.0	0.0	05841770828	ARNAS	2013-05-08	2014-05-07	2015-01-31
57165a6a533627c7441adb181131c489	05841770828	4346e0cfac3ce77445474c3da3322715e2513fc5	ZAB01C76DA	ACQUISTO MATERIALE DI CONSUMO DEDICATO VENTILATORI VERSAMED	04-PROCEDURA NEGOZIATA SENZA PREVIA PUBBLICAZIONE DEL BANDO	 6300.0	381.15	05841770828	ARNAS	2013-01-18	2014-01-17	2015-01-31
57165a6a533627c7441adb181131c489	05841770828	529af9c1fbdb2761bd912cda2825f8ff05068173	Z48078FDC9	ACQUISTO APPARECCHIO ISCHEMICO ATS 3000	04-PROCEDURA NEGOZIATA SENZA PREVIA PUBBLICAZIONE DEL BANDO	 9111.28	9111.28	05841770828	ARNAS	2013-03-01	2014-02-28	2015-01-31
57165a6a533627c7441adb181131c489	05841770828	57f7e02a887eef125a49e41cd346e395c5102201	4751886460	AGHI PER ANESTESIA SUBARACNOIDEA	04-PROCEDURA NEGOZIATA SENZA PREVIA PUBBLICAZIONE DEL BANDO	 66000.0	16574.0	05841770828	ARNAS	2013-03-27	2015-03-27	2015-01-31
57165a6a533627c7441adb181131c489	05841770828	5988cee9620026a3c949fe883e875cc06ce244b7	47936071A3	RCT/O- POLIZZA TRIENNALE REGIONALE	01-PROCEDURA APERTA	 136227000.0	0.0	05841770828	ARNAS	2013-07-01	2016-06-30	2015-01-31
57165a6a533627c7441adb181131c489	05841770828	5d420bcb2c444e08a8c2bf6ba491e52506c4acad	477164238B	DISPOSITIVI SPECIALISTICI XNEURORADIOLOGIA- STRYKER	04-PROCEDURA NEGOZIATA SENZA PREVIA PUBBLICAZIONE DEL BANDO	 300000.0	66617.23	05841770828	ARNAS	2013-08-07	2014-08-06	2015-01-31
57165a6a533627c7441adb181131c489	05841770828	621f5786c6d097a68544fc3641272faa938d48f7	4770924308	DISPOSITIVI SPECIALISTICI X RADIOLOGIA VASCOLARE- ANGIOS-BIENNALE	04-PROCEDURA NEGOZIATA SENZA PREVIA PUBBLICAZIONE DEL BANDO	 88804.5	5002.3	05841770828	ARNAS	2013-08-08	2015-08-08	2015-01-31
57165a6a533627c7441adb181131c489	05841770828	6a57a6a83ac65e965e4d4c3951d27a1fc3e7c88c	Z1308F06D8	MATERIALE DEDICATO RTX RESPIRATOR	23-AFFIDAMENTO IN ECONOMIA - AFFIDAMENTO DIRETTO	 2119.87	0.0	05841770828	ARNAS	2013-07-01	2014-06-30	2015-01-31
57165a6a533627c7441adb181131c489	05841770828	7790754e99d6aad64157ae29496a2c7a7dc4f953	5084555385	PROCEDURA NEGOZIATA SENZA GARA - STENT ORSIRO BIOTRONIK	04-PROCEDURA NEGOZIATA SENZA PREVIA PUBBLICAZIONE DEL BANDO	 54775.0	2347.5	05841770828	ARNAS	2013-04-12	2014-04-12	2015-01-31
57165a6a533627c7441adb181131c489	05841770828	7ceac441356592d3172239be575522db0145ab61	ZEC0941B96	ACQUISTO DIRETTO DI MATERIALE DI CONSUMO PER ANNI UNO PER GLI ELETTROCARDIOGRAFI P8000 POWER ESAOTE DI PROPRIETA' DELL'ARNAS	23-AFFIDAMENTO IN ECONOMIA - AFFIDAMENTO DIRETTO	 2978.4	1091.68	05841770828	ARNAS	2013-03-06	2014-03-05	2015-01-31
57165a6a533627c7441adb181131c489	05841770828	7ede781e76da6e3e863e6233a086e2c0967caa9b	4430567B8A	FORNITURA IN ECONOMIA DI AGHI PER ESAMI DIAGNOSTICI	08-AFFIDAMENTO IN ECONOMIA - COTTIMO FIDUCIARIO	 3950.0	1234.32	05841770828	ARNAS	2013-01-03	2014-01-03	2015-01-31
57165a6a533627c7441adb181131c489	05841770828	97ee65cbc6fae4ac519cb6e4ac0dbe69d2a7b0df	51682151F0	FORNITURA VALVOLE SAPIEN EMODINAMICA - PROCEDURA NEGOZIATA SENZA GARA	04-PROCEDURA NEGOZIATA SENZA PREVIA PUBBLICAZIONE DEL BANDO	 822800.0	777920.0	05841770828	ARNAS	2013-05-22	2014-05-22	2015-01-31
57165a6a533627c7441adb181131c489	05841770828	98d508ca85f5181553ce043a4789cdf5e0096859	477173504B	DISPOSITIVI SPECIALISTICI XNEURORADIOLOGIA- EV3	04-PROCEDURA NEGOZIATA SENZA PREVIA PUBBLICAZIONE DEL BANDO	 200000.0	3432.0	05841770828	ARNAS	2013-08-07	2014-08-06	2015-01-31
57165a6a533627c7441adb181131c489	05841770828	9a18048a5734a0763215c53cb3cf7e896f215957	4456097791	ACQUISTO MATERIALE DI CONSUMO PER OSSIGENOTERAPIA POLMONARE	08-AFFIDAMENTO IN ECONOMIA - COTTIMO FIDUCIARIO	 6175.0	3735.88	05841770828	ARNAS	2012-12-04	2013-12-04	2015-01-31
57165a6a533627c7441adb181131c489	05841770828	a05ec8ab315c346e88842942b4d7b6c47d743b93	Z7B0B65017	ACQUISTO MATERIALE DEDICATO DERMOTOMO ZIMMER	04-PROCEDURA NEGOZIATA SENZA PREVIA PUBBLICAZIONE DEL BANDO	 14802.0	8200.2	05841770828	ARNAS	2013-11-20	2014-11-19	2015-01-31
57165a6a533627c7441adb181131c489	05841770828	aa6d750999f00a9aac2a7b9a52f318b18eb4b523	ZBF07AE1DB	ACQUISTO MASCHERINE CHIRURGICHE	23-AFFIDAMENTO IN ECONOMIA - AFFIDAMENTO DIRETTO	 2100.0	0.0	05841770828	ARNAS	2013-01-03	2013-12-21	2015-01-31
57165a6a533627c7441adb181131c489	05841770828	ac5bcfa2094e420d8d106d3c7dfb3886fb72fab4	ZA009CE8CF	ACQUISTO DI AGHI PER ESAMI DIAGNOSTICI	23-AFFIDAMENTO IN ECONOMIA - AFFIDAMENTO DIRETTO	 12120.0	8160.0	05841770828	ARNAS	2013-01-03	2014-01-03	2015-01-31
57165a6a533627c7441adb181131c489	05841770828	add8559c1281b427cc1358d83ffaa6e0edca5d86	ZA307D2697	ACQUISTO MATERIALE DI CONSUMO DEDICATO LASER CHIRURGICO LOKKI	04-PROCEDURA NEGOZIATA SENZA PREVIA PUBBLICAZIONE DEL BANDO	 9700.0	9317.0	05841770828	ARNAS	2013-01-11	2014-01-10	2015-01-31
57165a6a533627c7441adb181131c489	05841770828	b369511ec104c7ab24701f23e7e231bd2cece08e	Z7A08B63B5	ACQUISTO MATERIALE DEDICATO ACCELLERATORE LINEARE HI-ART- TOMOTHERAPY	04-PROCEDURA NEGOZIATA SENZA PREVIA PUBBLICAZIONE DEL BANDO	 5000.0	5000.0	05841770828	ARNAS	2013-06-11	2014-06-11	2015-01-31
57165a6a533627c7441adb181131c489	05841770828	b4c5f5cc61956967247f360a814be25a99ae949c	Z00096C90E	AFFIDAMENTO DIRETTO PER L'ACQUISTO DI MATERIALE DI CONSUMO PER L'APPARECCHIATURA OLIMPIC BRAINZ DI PROPRIETA' AZIENDALE	23-AFFIDAMENTO IN ECONOMIA - AFFIDAMENTO DIRETTO	 1776.5	1776.49	05841770828	ARNAS	2013-03-22	2014-03-21	2015-01-31
57165a6a533627c7441adb181131c489	05841770828	bf416db2c9cae64c0363c80f2509f55e2d98e623	494319016F	FORNITURA SORGENTI DI IRIDIO 192	04-PROCEDURA NEGOZIATA SENZA PREVIA PUBBLICAZIONE DEL BANDO	 32100.0	6897.0	05841770828	ARNAS	2013-04-24	2013-12-31	2015-01-31
57165a6a533627c7441adb181131c489	05841770828	c00ad9d429ab7745e3cb501fc5fcf57bf931731b	ZC0096A58B	ACQUISTO MATERIALE DEDICATO TRAPANO VIDACARE	04-PROCEDURA NEGOZIATA SENZA PREVIA PUBBLICAZIONE DEL BANDO	 1410.75	0.0	05841770828	ARNAS	2013-07-01	2013-11-27	2015-01-31
57165a6a533627c7441adb181131c489	05841770828	c1dad6769973f9eb2f8d2bd641a1bad8e018445c	ZC60878263	FORNITURA IN ECONOMIA DI AGHI PER LOCAZIONE MAMMARIA	08-AFFIDAMENTO IN ECONOMIA - COTTIMO FIDUCIARIO	 427.0	423.5	05841770828	ARNAS	2013-01-01	2014-03-01	2015-01-31
57165a6a533627c7441adb181131c489	05841770828	dc3473b15655444b3a03a13dea6074dae183adfc	4430603940	FORNITURA IN ECONOMIA DI AGHI PER ESAMI DIAGNOSTICI	08-AFFIDAMENTO IN ECONOMIA - COTTIMO FIDUCIARIO	 988.0	239.1	05841770828	ARNAS	2013-01-03	2014-01-03	2015-01-31
57165a6a533627c7441adb181131c489	05841770828	e321319737007e7ac74357fcb727e81cc98dd8ed	Z160B126A6	AFFIDAMENTO DIRETTO PER L'ACQUISTO DI MATERIALE DI CONSUMO PER ANNI UNO PER MISCELATORI ARIA/OSSIGENO BLENDER DI PROPRIETA' AZIENDALE	23-AFFIDAMENTO IN ECONOMIA - AFFIDAMENTO DIRETTO	 6380.0	4400.0	05841770828	ARNAS	2013-06-24	2014-06-23	2015-01-31
57165a6a533627c7441adb181131c489	05841770828	e4d0d85fada98c09f37ef3a2a8865cde7513f0e2	4771674DF0	DISPOSITIVI SPECIALISTICI XNEURORADIOLOGIA- SOGI MEDICA	04-PROCEDURA NEGOZIATA SENZA PREVIA PUBBLICAZIONE DEL BANDO	 90000.0	26745.74	05841770828	ARNAS	2013-11-11	2014-11-10	2015-01-31
595a5c06e15fdb8cdf96573b1ad0f4e6	01426410880	ae028edf5b5dfadbf6654c8b1b3eee5e7fbf0379	5720275841	FORNITURA SEMESTRALE AUSILI E PRESIDI PER STOMIZZATI	23-AFFIDAMENTO IN ECONOMIA - AFFIDAMENTO DIRETTO	 17500.0	0.0	01426410880	AZIENDA SANITARIA PROVINCIALE DI RAGUSA	2014-04-11		2015-12-01
700528329e59eb79706cc1647f782a48	02363280815	59635226d9b302cd778c2fd91d46cd3409bc69f6	5247706FF8	SERVIZIO DI MANUTENZIONE BIENNALE DEI PRESIDI ANTINCENDIO PRESSO L&apos;OSPEDALE S. ANTONIO ABATE DI TRAPANI	08-AFFIDAMENTO IN ECONOMIA - COTTIMO FIDUCIARIO	 27160.0	0.0	02363280815	AZIENDA SANITARIA PROVINCIALE DI TRAPANI	2013-08-28		2015-12-01
7b9d78e78907deb5e5a86290ff948487	04721260877	dab5604e8507c76d16887bf83bfefda804de6202	6096206C53	FORNITURA AUSILI PER STOMIE E CATETERI VESCICALI	04-PROCEDURA NEGOZIATA SENZA PREVIA PUBBLICAZIONE DEL BANDO	 54500.0	0.0	04721260877	AZIENDA SANITARIA PROVINCIALE DI CATANIA	2015-01-19	2015-02-19	2015-11-30
7ef6205993d555649d9a65f0f6109aa9	01151150867	0468537b3fb8bc9ac8911cbaf6cd1413cb16ab0d	ZEC0DD843B	DITTA MON & TEX CAMICE PER CHEMIOTERIPICI	08-AFFIDAMENTO IN ECONOMIA - COTTIMO FIDUCIARIO	 3011.82	15058.83	01151150867	AZIENDA SANITARIA PROVINCIALE DI ENNA	2014-03-18	2014-12-31	2015-01-21
7ef6205993d555649d9a65f0f6109aa9	01151150867	08648027b06464b9107bb9c4526baf36456cafc5	5598576B0F	COTTIMO ACQUISTO N. 4 RETINOGRAFI	08-AFFIDAMENTO IN ECONOMIA - COTTIMO FIDUCIARIO	 39160.0	9790.0	01151150867	AZIENDA SANITARIA PROVINCIALE DI ENNA	2014-05-14	2014-12-31	2015-01-21
7ef6205993d555649d9a65f0f6109aa9	01151150867	090a48e3d778b08339816029cf646ab2ac62d129	ZB80D3AD1E	ACQUISTO DISPOSITIVI PER UROLOGIA	08-AFFIDAMENTO IN ECONOMIA - COTTIMO FIDUCIARIO	 11150.0	5200.0	01151150867	AZIENDA SANITARIA PROVINCIALE DI ENNA	2014-04-29	2014-12-31	2015-01-21
7ef6205993d555649d9a65f0f6109aa9	01151150867	0c1e9a03d5ca2eb17078ee5003ed20b69d304648	Z190E0EFC9	AFF. EX ART.57 D.LGS N.163/06 - PROD. FARMAC. UTENTI AFFETTI DA FIBROSI CISTICA -	06-PROCEDURA NEGOZIATA SENZA PREVIA INDIZIONE DI  GARA ART. 221 D.LGS. 163/2006	 3398.4	2465.0	01151150867	AZIENDA SANITARIA PROVINCIALE DI ENNA	2014-04-09	2014-12-31	2015-01-21
7ef6205993d555649d9a65f0f6109aa9	01151150867	0d28189a681ee42d71f69a628dfe2451de6d6eaf	Z1C0D3AE36	ACQUISTO DISPOSITIVI PER UROLOGIA	08-AFFIDAMENTO IN ECONOMIA - COTTIMO FIDUCIARIO	 3840.0	1440.0	01151150867	AZIENDA SANITARIA PROVINCIALE DI ENNA	2014-04-29	2014-12-31	2015-01-21
7ef6205993d555649d9a65f0f6109aa9	01151150867	15398021e548de0265cacd7a47157eb82dcc8de9	5720605894	ADESIONE CONSIP FORNITURA ENERGIA ELETTRICA	01-PROCEDURA APERTA	 2634358.7	0.0	01151150867	AZIENDA SANITARIA PROVINCIALE DI ENNA	2014-04-09	2015-04-08	2015-01-21
7ef6205993d555649d9a65f0f6109aa9	01151150867	1fd0c350788ac8e6fbca4a7a78510a1578925f1c	Z6E0DC7113	ACQUISTO VACCINO CONTRO CARBONCHIO EMATICO(VETERINARIO)	06-PROCEDURA NEGOZIATA SENZA PREVIA INDIZIONE DI  GARA ART. 221 D.LGS. 163/2006	 3570.0	0.0	01151150867	AZIENDA SANITARIA PROVINCIALE DI ENNA	2014-11-26	2014-12-31	2015-01-21
7ef6205993d555649d9a65f0f6109aa9	01151150867	2b5139002e0c128781a311398d5046cba4808328	Z280F34EA	ACQUISTO MATERIALE DIDATTICO CENTRO ALZHEIIMER	06-PROCEDURA NEGOZIATA SENZA PREVIA INDIZIONE DI  GARA ART. 221 D.LGS. 163/2006	 40.5	0.0	01151150867	AZIENDA SANITARIA PROVINCIALE DI ENNA	2014-04-09		2015-01-21
7ef6205993d555649d9a65f0f6109aa9	01151150867	2eee7bfec5474c6aa89df8577918dc46134eb92f	Z560EAB7AD	ACQUISTO DISPOSITIVI PER GINECOLOGIA	08-AFFIDAMENTO IN ECONOMIA - COTTIMO FIDUCIARIO	 34110.99	0.0	01151150867	AZIENDA SANITARIA PROVINCIALE DI ENNA	2014-05-06	2014-12-31	2015-01-21
7ef6205993d555649d9a65f0f6109aa9	01151150867	320e12cfbf1ffda70a0c1a1b0b81cd28bcc8f641	Z750E0EB2B	AFF. EX ART.57 D.LGS N.163/06 - PROD. FARMAC. UTENTI AFFETTI DA FIBROSI CISTICA -	06-PROCEDURA NEGOZIATA SENZA PREVIA INDIZIONE DI  GARA ART. 221 D.LGS. 163/2006	 202.19	186.0	01151150867	AZIENDA SANITARIA PROVINCIALE DI ENNA	2014-04-09	2014-12-31	2015-01-21
7ef6205993d555649d9a65f0f6109aa9	01151150867	440353c48ed3626e9bf44851c61cfdfce8c5474e	Z940EAD522	AFFIDAMENTO FORNITURA MONTASCALE A CINGOLI -	08-AFFIDAMENTO IN ECONOMIA - COTTIMO FIDUCIARIO	 1778.95	0.0	01151150867	AZIENDA SANITARIA PROVINCIALE DI ENNA	2014-04-16	2014-12-31	2015-01-21
7ef6205993d555649d9a65f0f6109aa9	01151150867	46f287340df9aefb878fec55b317cba2f8f19d0d	Z2C0E1DB51	ACQUISTO DIRETTO SUL MEPA DI CAVI ECG PER MONITOR FIKUDA-(MEPA)	06-PROCEDURA NEGOZIATA SENZA PREVIA INDIZIONE DI  GARA ART. 221 D.LGS. 163/2006	 1120.0	1120.0	01151150867	AZIENDA SANITARIA PROVINCIALE DI ENNA	2014-03-06	2014-12-31	2015-01-21
7ef6205993d555649d9a65f0f6109aa9	01151150867	556fce6a0f168d2b1a5e9cade7667b9713e28749	Z210D3B08A	ACQUISTO DISPOSITIVI PER UROLOGIA	08-AFFIDAMENTO IN ECONOMIA - COTTIMO FIDUCIARIO	 750.0	375.0	01151150867	AZIENDA SANITARIA PROVINCIALE DI ENNA	2014-04-29	2014-12-31	2015-01-21
7ef6205993d555649d9a65f0f6109aa9	01151150867	5ae56dce5c95aea256fd311e7b8a95b454fd1e33	Z800EED53C	COTTIMO MEPA PER RICAMBI ATTREZZ. INFORM.	08-AFFIDAMENTO IN ECONOMIA - COTTIMO FIDUCIARIO	 13418.0	13418.0	01151150867	AZIENDA SANITARIA PROVINCIALE DI ENNA	2014-05-06	2014-12-31	2015-01-21
7ef6205993d555649d9a65f0f6109aa9	01151150867	68745f9df276a3292233eb415afa002608b74c08	ZC70C5AE9B	ACQUISTO SARREDI E DEAMBULATORI-(MEPA)	08-AFFIDAMENTO IN ECONOMIA - COTTIMO FIDUCIARIO	 929.0	929.0	01151150867	AZIENDA SANITARIA PROVINCIALE DI ENNA	2014-02-12	2014-12-31	2015-01-21
7ef6205993d555649d9a65f0f6109aa9	01151150867	68a1cc59ed51d7d3552764f704cc517d20bd821f	ZBF0EDE169	AFFIDAMENTO DITTE DIVERSE FARMACI E DIETETICI PER MALATTIE RARE	06-PROCEDURA NEGOZIATA SENZA PREVIA INDIZIONE DI  GARA ART. 221 D.LGS. 163/2006	 1309.09	1047.28	01151150867	AZIENDA SANITARIA PROVINCIALE DI ENNA	2014-04-24	2014-12-31	2015-01-21
7ef6205993d555649d9a65f0f6109aa9	01151150867	791b540f7c7ad8bc9cef8af0673132c2c9783dd8	2528134A2A	GARA MATERIALE VARIO DI LABORATORIO RAGUSA - LOTTO 74 - GIUSTEPA	01-PROCEDURA APERTA	 564.0	0.0	01151150867	AZIENDA SANITARIA PROVINCIALE DI ENNA	2014-05-06	2014-12-31	2015-01-21
7ef6205993d555649d9a65f0f6109aa9	01151150867	7a8e3eced4653d808905fe230570b9af41b493b1	Z290E7B6A0	ACQUISTO ARREDI PER SERV. SALUTE MENTALE-(MEPA)	08-AFFIDAMENTO IN ECONOMIA - COTTIMO FIDUCIARIO	 2500.0	2068.5	01151150867	AZIENDA SANITARIA PROVINCIALE DI ENNA	2014-01-22	2014-12-31	2015-01-21
7ef6205993d555649d9a65f0f6109aa9	01151150867	7d39ab94b08216c794ff1534a0f9658dde99d50e	Z8F0C0C34C	ACQUISTO DI N.2 SISTEMI DI ISTEROSCOPIO + STRUMENTARIO - C. BUA SRL	08-AFFIDAMENTO IN ECONOMIA - COTTIMO FIDUCIARIO	 37159.84	0.0	01151150867	AZIENDA SANITARIA PROVINCIALE DI ENNA	2014-05-16	2014-12-31	2015-01-21
7ef6205993d555649d9a65f0f6109aa9	01151150867	81665c236f5a24b92c1944abed8481c1170d207e	Z580D0957F	AFFIDAMENTO MEPA FORNITURA SISTEMA DI VIDEOLARINGOSCOPIA	08-AFFIDAMENTO IN ECONOMIA - COTTIMO FIDUCIARIO	 12900.0	12900.0	01151150867	AZIENDA SANITARIA PROVINCIALE DI ENNA	2014-03-20	2014-12-31	2015-01-21
7ef6205993d555649d9a65f0f6109aa9	01151150867	82f2c49412a118219aec956d77ffb5e7f6f59499	Z830D3AC8F	ACQUISTO DISPOSITIVI PER UROLOGIA	08-AFFIDAMENTO IN ECONOMIA - COTTIMO FIDUCIARIO	 2610.0	1160.0	01151150867	AZIENDA SANITARIA PROVINCIALE DI ENNA	2014-04-29	2014-12-31	2015-01-21
7ef6205993d555649d9a65f0f6109aa9	01151150867	8b5641cc242366e4b4d49ed886adacffc33b0c8a	Z170EDCCA4	COTTIMO SUL MEPA PER ACQUISTO ARREDI	08-AFFIDAMENTO IN ECONOMIA - COTTIMO FIDUCIARIO	 6022.0	6022.0	01151150867	AZIENDA SANITARIA PROVINCIALE DI ENNA	2014-04-09	2014-12-31	2015-01-21
7ef6205993d555649d9a65f0f6109aa9	01151150867	8c4bd0cc6f49f432f51952e1b0d11e547f4c74a5	ZCC0EC3487	ACQUISTO BARELLE SUL MEPA	08-AFFIDAMENTO IN ECONOMIA - COTTIMO FIDUCIARIO	 9422.0	9416.82	01151150867	AZIENDA SANITARIA PROVINCIALE DI ENNA	2014-05-08	2014-12-31	2015-01-21
7ef6205993d555649d9a65f0f6109aa9	01151150867	8d4461c681dc96cdae47e93523743e1a887e9563	Z200DF0770	COTTIMO SUL MEPA PER ACQUISTO PIASTRE PER DEFIBRILLATORE	08-AFFIDAMENTO IN ECONOMIA - COTTIMO FIDUCIARIO	 5185.0	5185.0	01151150867	AZIENDA SANITARIA PROVINCIALE DI ENNA	2014-04-16	2014-12-31	2015-01-21
7ef6205993d555649d9a65f0f6109aa9	01151150867	96845bd191fbff918a93d2908e3a5e2c6555cc03	ZC50E8EC57	AFFIDAMENTO FORNITURA FARMACI PER PAZIENTI CON MALATTIA RARA	06-PROCEDURA NEGOZIATA SENZA PREVIA INDIZIONE DI  GARA ART. 221 D.LGS. 163/2006	 28224.0	25872.0	01151150867	AZIENDA SANITARIA PROVINCIALE DI ENNA	2014-04-16	2014-12-31	2015-01-21
7ef6205993d555649d9a65f0f6109aa9	01151150867	9db8cf17c5f57c5ee434bffe17e9b374dfb51cdd	Z6E0D3ADC3	ACQUISTO DISPOSITIVI PER UROLOGIA	08-AFFIDAMENTO IN ECONOMIA - COTTIMO FIDUCIARIO	 1950.0	1050.0	01151150867	AZIENDA SANITARIA PROVINCIALE DI ENNA	2014-04-29	2014-12-31	2015-01-21
7ef6205993d555649d9a65f0f6109aa9	01151150867	a2a7ec13533f1d815993bf7cd3de55b1619a2e75	Z0B0D3B565	ACQUISTO DISPOSITIVI PER UROLOGIA	08-AFFIDAMENTO IN ECONOMIA - COTTIMO FIDUCIARIO	 495.0	183.0	01151150867	AZIENDA SANITARIA PROVINCIALE DI ENNA	2014-04-29	2014-12-31	2015-01-21
7ef6205993d555649d9a65f0f6109aa9	01151150867	ab9ea126f097b4944cf9ab1f02a3f0117b78a92d	ZBE0D4D1EF	ACQUISTO ACCESSORI PER VENTILATORE POLMONARE	06-PROCEDURA NEGOZIATA SENZA PREVIA INDIZIONE DI  GARA ART. 221 D.LGS. 163/2006	 221.29	221.64	01151150867	AZIENDA SANITARIA PROVINCIALE DI ENNA	2014-01-27		2015-01-21
7ef6205993d555649d9a65f0f6109aa9	01151150867	ae1d0db64f1fe3d2fcb7dd2e377dceed46b745af	Z4B0D3B4FF	ACQUISTO DISPOSITIVI PER UROLOGIA	08-AFFIDAMENTO IN ECONOMIA - COTTIMO FIDUCIARIO	 726.47	242.7	01151150867	AZIENDA SANITARIA PROVINCIALE DI ENNA	2014-04-29	2014-12-31	2015-01-21
7ef6205993d555649d9a65f0f6109aa9	01151150867	bacc280ff1b87ed4d5a7b1589a1abc8764478bc4	ZB90E30816	ACQUISTO MEPA SPIROMETRO	08-AFFIDAMENTO IN ECONOMIA - COTTIMO FIDUCIARIO	 1600.0	1600.0	01151150867	AZIENDA SANITARIA PROVINCIALE DI ENNA	2014-04-24	2014-12-31	2015-01-21
7ef6205993d555649d9a65f0f6109aa9	01151150867	bdfa992c2d7fd816489bee3c3d104dc3345e871e	Z9E0E08C54	COTTIMO SUL MEPA PER ACQUISTOCD E DVD	08-AFFIDAMENTO IN ECONOMIA - COTTIMO FIDUCIARIO	 5927.0	2841.6	01151150867	AZIENDA SANITARIA PROVINCIALE DI ENNA	2014-04-09	2014-12-31	2015-01-21
7ef6205993d555649d9a65f0f6109aa9	01151150867	cdc5f8da144524d6bfc5b5dbac4c7d278ca714c5	Z750EFA126	IMPLEMENTAZIONE SOFTWARE PER LA SICUREZZA	06-PROCEDURA NEGOZIATA SENZA PREVIA INDIZIONE DI  GARA ART. 221 D.LGS. 163/2006	 12600.0	12600.0	01151150867	AZIENDA SANITARIA PROVINCIALE DI ENNA	2014-05-14	2014-12-31	2015-01-21
7ef6205993d555649d9a65f0f6109aa9	01151150867	d1688e256fc6277d39d82ce37118d5ff39c5848f	Z710EDE0FA	SWEDISH OR. BIOV. AMMONAPS	06-PROCEDURA NEGOZIATA SENZA PREVIA INDIZIONE DI  GARA ART. 221 D.LGS. 163/2006	 10962.0	0.0	01151150867	AZIENDA SANITARIA PROVINCIALE DI ENNA	2014-04-24	2014-12-31	2015-01-21
7ef6205993d555649d9a65f0f6109aa9	01151150867	d4c88326e30a4e1688b4ab5279086b5061239cec	ZFA0EDE1A0	AFFIDAMENTO DITTE DIVERSE FARMACI E DIETETICI PER MALATTIE RARE	06-PROCEDURA NEGOZIATA SENZA PREVIA INDIZIONE DI  GARA ART. 221 D.LGS. 163/2006	 1316.55	380.0	01151150867	AZIENDA SANITARIA PROVINCIALE DI ENNA	2014-04-24	2014-12-31	2015-01-21
7ef6205993d555649d9a65f0f6109aa9	01151150867	e24e0b29edbe2929a719220f1c410bdfeb06a946	Z850F39271	FORNITURA DI CONTAINERS + COPERCHI PER STERLIZZAZIONE A VAPORE PER LE SALE OPERATORIE DEL P.O. uMBERTO i	08-AFFIDAMENTO IN ECONOMIA - COTTIMO FIDUCIARIO	 13422.0	13422.0	01151150867	AZIENDA SANITARIA PROVINCIALE DI ENNA	2014-05-15	2014-12-31	2015-01-21
7ef6205993d555649d9a65f0f6109aa9	01151150867	e29cfb91936e6feb080c3585550a3c4df9fc6546	Z910DAFE16	ACQUISTO RISME CARTA MEPA	08-AFFIDAMENTO IN ECONOMIA - COTTIMO FIDUCIARIO	 2016.0	2016.0	01151150867	AZIENDA SANITARIA PROVINCIALE DI ENNA	2014-03-27	2014-12-31	2015-01-21
7ef6205993d555649d9a65f0f6109aa9	01151150867	e2b553d3f4e9fdd8bd9fd87248c1f42c604bfad1	Z840E230CE	ACQUISTO ARREDI-(MEPA)	08-AFFIDAMENTO IN ECONOMIA - COTTIMO FIDUCIARIO	 3191.0	3488.47	01151150867	AZIENDA SANITARIA PROVINCIALE DI ENNA	2014-01-23	2014-12-31	2015-01-21
7ef6205993d555649d9a65f0f6109aa9	01151150867	ea507381e94c58eae57bbc1f05aa4e224b98bb24	ZB30D3B498	ACQUISTO DISPOSITIVI PER UROLOGIA	08-AFFIDAMENTO IN ECONOMIA - COTTIMO FIDUCIARIO	 1735.66	578.55	01151150867	AZIENDA SANITARIA PROVINCIALE DI ENNA	2014-04-29	2014-12-31	2015-01-21
7ef6205993d555649d9a65f0f6109aa9	01151150867	f4ebad87cd2cd451885b1b3e9c2bc66f4a749697	Z6E0E0F316	AFF. EX ART.57 D.LGS N.163/06 - PROD. FARMAC. UTENTI AFFETTI DA FIBROSI CISTICA	06-PROCEDURA NEGOZIATA SENZA PREVIA INDIZIONE DI  GARA ART. 221 D.LGS. 163/2006	 1078.05	324.0	01151150867	AZIENDA SANITARIA PROVINCIALE DI ENNA	2014-04-09	2014-12-31	2015-01-21
7ef6205993d555649d9a65f0f6109aa9	01151150867	fd87ab3100b8b3fe5ce7c999e2369ef7aab7d3bc	Z5F0EAA67E	AFFIDAMENTO DITTA CAST RIPARAZIONE MACCHINA AFFRANCATRICE	06-PROCEDURA NEGOZIATA SENZA PREVIA INDIZIONE DI  GARA ART. 221 D.LGS. 163/2006	 990.0	990.0	01151150867	AZIENDA SANITARIA PROVINCIALE DI ENNA	2014-04-16	2014-12-31	2015-01-21
a441a59de1597b18debfa5729a62fb93	03051890832	11522a588f936ea3a417d0bbdcb60da1cd140d23	Z1C0F872B6	Acquisto di dispositivo medico per l'U.O.C. di Chirurgia Plastica.	04-PROCEDURA NEGOZIATA SENZA PREVIA PUBBLICAZIONE DEL BANDO	 399.64	0.0	03051890832	U.O.C. Provveditorato Ã¢â‚¬â€œ A.O.U. Policlinico Ã¢â‚¬Å“G. MartinoÃ¢â‚¬ï¿½	2014-06-13	2015-06-12	2015-01-31
a441a59de1597b18debfa5729a62fb93	03051890832	162180e7ab00052c77ef715ef68e53b92c594429	56893231DD	Acquisto annuale di n. 114 lotti di materiale sanitario specialistico per U.O.C. di Oftalmologia (Lotto n. 107)	04-PROCEDURA NEGOZIATA SENZA PREVIA PUBBLICAZIONE DEL BANDO	 534.0	0.0	03051890832	U.O.C. Provveditorato Ã¢â‚¬â€œ A.O.U. Policlinico Ã¢â‚¬Å“G. MartinoÃ¢â‚¬ï¿½	2014-04-07	2015-04-06	2015-01-31
a441a59de1597b18debfa5729a62fb93	03051890832	3fa90fbf2e8638a729e1a898b8499084ab6145eb	5690854149	Acquisto annuale di n. 114 lotti di materiale sanitario specialistico per U.O.C. di Oftalmologia (Lotto n. 146)	04-PROCEDURA NEGOZIATA SENZA PREVIA PUBBLICAZIONE DEL BANDO	 2400.0	0.0	03051289083	U.O.C. Provveditorato Ã¢â‚¬â€œ A.O.U. Policlinico Ã¢â‚¬Å“G. MartinoÃ¢â‚¬ï¿½	2014-04-07	2015-04-06	2015-01-31
a441a59de1597b18debfa5729a62fb93	03051890832	9ff6b31f9bdcf0a6934fdd49795a50617038a019	Z560E79B89	Acquisto triennale di latte ed alimenti per l'infanzia per l'U.O.C. di Patologia e T.I.N.	04-PROCEDURA NEGOZIATA SENZA PREVIA PUBBLICAZIONE DEL BANDO	 1743.04	0.0	03051890832	U.O.C. Provveditorato Ã¢â‚¬â€œ A.O.U. Policlinico Ã¢â‚¬Å“G. MartinoÃ¢â‚¬ï¿½	2014-04-10	2017-04-09	2015-01-31
a441a59de1597b18debfa5729a62fb93	03051890832	f32463bdd0617e25386a3fe2e2c61a9eb36e6df4	5690893178	Acquisto annuale di n. 114 lotti di materiale sanitario specialistico per U.O.C. di Oftalmologia (Lotto n. 147)	04-PROCEDURA NEGOZIATA SENZA PREVIA PUBBLICAZIONE DEL BANDO	 1200.0	0.0	03051890832	U.O.C. Provveditorato Ã¢â‚¬â€œ A.O.U. Policlinico Ã¢â‚¬Å“G. MartinoÃ¢â‚¬ï¿½	2014-04-07	2015-04-06	2015-01-31
a92b20de727e2c7b8f3a9ecbbc7655ab	01825570854	59635226d9b302cd778c2fd91d46cd3409bc69f6	5247706FF8	SERVIZIO DI MANUTENZIONE BIENNALE DEI PRESIDI ANTINCENDIO PRESSO L&apos;OSPEDALE S. ANTONIO ABATE DI TRAPANI	08-AFFIDAMENTO IN ECONOMIA - COTTIMO FIDUCIARIO	 27160.0	0.0	02363280815	AZIENDA SANITARIA PROVINCIALE DI TRAPANI	2013-08-28		2015-12-01
daad42352210213a007836a04f00f709	02570930848	03d9492f0c7f582f4a3896021bd7515260ceaee3	Z361058C0F	materiale di consumo per microinfusore	23-AFFIDAMENTO IN ECONOMIA - AFFIDAMENTO DIRETTO	 5340.0	5340.0	02570930848	ASP di Agrigento	2004-07-29	2014-08-06	2014-12-31
daad42352210213a007836a04f00f709	02570930848	316881886b8147049e3d5384f9196c2a9dd9d113	Z960F28092	Riparazione Frigorifero Polar 530 matr. N. 25214-00 in dotazione all'U.O. di Medicina Trasfusionale del P.O. di Canicatti.	23-AFFIDAMENTO IN ECONOMIA - AFFIDAMENTO DIRETTO	 2358.75	2358.75	02570930848	ASP di Agrigento	2014-05-12	2014-12-31	2014-12-31
ffa9dc6521be0368e48955060cd34d8a	04721290874	00070c31fb94ca9eff841f07cd0c487a7b3f538c	555713440C	Pack faco Premium Stable	04-PROCEDURA NEGOZIATA SENZA PREVIA PUBBLICAZIONE DEL BANDO	 30420.0	0.0	04721290874	AOU Policlinico Vittorio Emanuele di Catania	2014-03-27	2014-09-20	2015-01-13
ffa9dc6521be0368e48955060cd34d8a	04721290874	03968afcd0ee412f366bbaef640b5bd3cfdc3f2f	555703525a	Penna diatermia da sclera 18G -	04-PROCEDURA NEGOZIATA SENZA PREVIA PUBBLICAZIONE DEL BANDO	 139.6	0.0	04721290874	AOU Policlinico Vittorio Emanuele di Catania	2014-03-27	2014-09-20	2015-01-13
ffa9dc6521be0368e48955060cd34d8a	04721290874	10dddd14ec6035aa84db0c79da945639bc6f51d1	555712087D	Manipolo I/A con Sleaur	04-PROCEDURA NEGOZIATA SENZA PREVIA PUBBLICAZIONE DEL BANDO	 490.0	0.0	04721290874	AOU Policlinico Vittorio Emanuele di Catania	2014-03-27	2014-09-20	2015-01-13
ffa9dc6521be0368e48955060cd34d8a	04721290874	11e48fadc587b959bd810adb47d3bebbfa654199	5557161A52	slive per punta faco 2,2 mm.	04-PROCEDURA NEGOZIATA SENZA PREVIA PUBBLICAZIONE DEL BANDO	 120.0	0.0	04721290874	AOU Policlinico Vittorio Emanuele di Catania	2014-03-27	2014-09-20	2015-01-13
ffa9dc6521be0368e48955060cd34d8a	04721290874	17638aeed645c08eb7213001603f37fd7a59c930	55571701C2	Vitrectomo anteriore per faco	04-PROCEDURA NEGOZIATA SENZA PREVIA PUBBLICAZIONE DEL BANDO	 2088.0	0.0	04721290874	AOU Policlinico Vittorio Emanuele di Catania	2014-03-27	2014-09-20	2015-01-13
ffa9dc6521be0368e48955060cd34d8a	04721290874	1811dfad9c3f59a4a22d7391f61c9887a93c1435	ZBA0E4FA6F	aCQUISTO MEDIANTE RDO DI STRUMENTARIO STORTZ PER LE UNITÃƒÂ  OPERATIVE DELL'AZIENDA	08-AFFIDAMENTO IN ECONOMIA - COTTIMO FIDUCIARIO	 3127.0	0.0	04721290874	AOU Policlinico Vittorio Emanuele di Catania	2014-08-01	2014-09-09	2015-01-13
ffa9dc6521be0368e48955060cd34d8a	04721290874	1b9de345a16a0b27a1b7dbe1fa5d886b9a0dbd7d	55571300C0	Pack vitrectomia anteriore 20G -	04-PROCEDURA NEGOZIATA SENZA PREVIA PUBBLICAZIONE DEL BANDO	 7101.0	0.0	04721290874	AOU Policlinico Vittorio Emanuele di Catania	2014-03-27	2014-09-20	2015-01-13
ffa9dc6521be0368e48955060cd34d8a	04721290874	1d452de1db0cddd514ed347871132c9a8d9dbd99	5557032fdc	Set scambio aria - cod. D4600A	04-PROCEDURA NEGOZIATA SENZA PREVIA PUBBLICAZIONE DEL BANDO	 1001.4	0.0	04721290874	AOU Policlinico Vittorio Emanuele di Catania	2014-03-27	2014-09-20	2015-01-13
ffa9dc6521be0368e48955060cd34d8a	04721290874	1db8a0ed32d877de5067a2686dc31b5b9a34614b	55571755E1	Cassette faco millennium	04-PROCEDURA NEGOZIATA SENZA PREVIA PUBBLICAZIONE DEL BANDO	 5400.0	0.0	04721290874	AOU Policlinico Vittorio Emanuele di Catania	2014-03-27	2014-09-20	2015-01-13
ffa9dc6521be0368e48955060cd34d8a	04721290874	2493e44a7749215b7fc11a88adfb7f247b97352c	5557007b3c	Pack iniezione/aspirazione fluidi	04-PROCEDURA NEGOZIATA SENZA PREVIA PUBBLICAZIONE DEL BANDO	 8400.2	0.0	04721290874	AOU Policlinico Vittorio Emanuele di Catania	2014-03-27	2014-09-20	2015-01-13
ffa9dc6521be0368e48955060cd34d8a	04721290874	32e8e19fab14466ebbbb0a00fb9244366f5ba646	555713982B	Manipolo Irriga/aspira - cod.	04-PROCEDURA NEGOZIATA SENZA PREVIA PUBBLICAZIONE DEL BANDO	 624.0	0.0	04721290874	AOU Policlinico Vittorio Emanuele di Catania	2014-03-27	2014-09-20	2015-01-13
ffa9dc6521be0368e48955060cd34d8a	04721290874	3489ff0bc4e2422795a41d369a05be6735b79886	55569750d7	SET VITRECTOMIA POSTERIORE	04-PROCEDURA NEGOZIATA SENZA PREVIA PUBBLICAZIONE DEL BANDO	 39200.0	0.0	04721290874	AOU Policlinico Vittorio Emanuele di Catania	2014-03-27	2014-09-20	2015-01-13
ffa9dc6521be0368e48955060cd34d8a	04721290874	3bf5ba9ac85bf766bbb41087a1fa61d3192ad7c6	5557050EB7	Penna per endodiatermia 20G -	04-PROCEDURA NEGOZIATA SENZA PREVIA PUBBLICAZIONE DEL BANDO	 907.92	0.0	04721290874	AOU Policlinico Vittorio Emanuele di Catania	2014-03-27	2014-09-20	2015-01-13
ffa9dc6521be0368e48955060cd34d8a	04721290874	3c56dc51ed31defd59185f0631efb3bb7a27c885	Z670EB3ABD	N. 360 CASSETTE SERBATOIO 100 ML. In confezione indivisibile di n. 12 pezzi COD. 21-7002-24	23-AFFIDAMENTO IN ECONOMIA - AFFIDAMENTO DIRETTO	 3500.0	0.0	04721290874	AOU Policlinico Vittorio Emanuele di Catania	2014-11-06		2015-01-13
ffa9dc6521be0368e48955060cd34d8a	04721290874	3ef00e97c3eaa413415e3ea10d3cff4dcb2d70df	ZD80E4ECF3	Acquisto mediante RDO di strumentario Stortz per le UnitÃƒÂ  Operative dell'Azienda	04-PROCEDURA NEGOZIATA SENZA PREVIA PUBBLICAZIONE DEL BANDO	 1008.0	0.0	04721290874	AOU Policlinico Vittorio Emanuele di Catania	2014-08-01	2014-10-29	2015-01-13
ffa9dc6521be0368e48955060cd34d8a	04721290874	4036c5827b025fe3bb8bf209889e253e548f0b31	5557150141	Fibra ottica Wide angle 23G - cod.	04-PROCEDURA NEGOZIATA SENZA PREVIA PUBBLICAZIONE DEL BANDO	 540.0	0.0	04721290874	AOU Policlinico Vittorio Emanuele di Catania	2014-03-27	2014-09-20	2015-01-13
ffa9dc6521be0368e48955060cd34d8a	04721290874	52984ab254c16d82f11aef357581b3b3eaafe22e	5557018452	Set procedura combinata 23G con	04-PROCEDURA NEGOZIATA SENZA PREVIA PUBBLICAZIONE DEL BANDO	 15000.0	0.0	04721290874	AOU Policlinico Vittorio Emanuele di Catania	2014-03-27	2014-09-20	2015-01-13
ffa9dc6521be0368e48955060cd34d8a	04721290874	5a5689386371e26d14b37a8a0cddc65165b5ef50	5557013033	Set procedura combinata 20G con	08-AFFIDAMENTO IN ECONOMIA - COTTIMO FIDUCIARIO	 1792.38	0.0	04721290874	AOU Policlinico Vittorio Emanuele di Catania	2014-03-27	2014-09-20	2015-01-13
ffa9dc6521be0368e48955060cd34d8a	04721290874	5cd8d7ce0abed94400ec7f1bc0a709f870b6ab68	5557105C1B	Cavo da diatermia risterilizzabile	04-PROCEDURA NEGOZIATA SENZA PREVIA PUBBLICAZIONE DEL BANDO	 350.0	0.0	04721290874	AOU Policlinico Vittorio Emanuele di Catania	2014-03-27	2014-09-20	2015-01-13
ffa9dc6521be0368e48955060cd34d8a	04721290874	60f1d01161bc60c7794fd1a2b1d82a534408135b	5557064A46	Penna endodiatermia retta 25G - cod. E7927	04-PROCEDURA NEGOZIATA SENZA PREVIA PUBBLICAZIONE DEL BANDO	 1179.96	0.0	04721290874	AOU Policlinico Vittorio Emanuele di Catania	2014-03-27	2014-09-20	2015-01-13
ffa9dc6521be0368e48955060cd34d8a	04721290874	67cf6c2dd2b97bd98a9d5e60c4a762354cdf00b7	555711438B	Ago facoemulsificatore Microflow	04-PROCEDURA NEGOZIATA SENZA PREVIA PUBBLICAZIONE DEL BANDO	 1500.0	0.0	04721290874	AOU Policlinico Vittorio Emanuele di Catania	2014-03-27	2014-09-20	2015-01-13
ffa9dc6521be0368e48955060cd34d8a	04721290874	6800b257623fa796fea3dfeda3b1c7f58a3fc40d	5557145D1D	Fibra ottica Wide angle 20G -	04-PROCEDURA NEGOZIATA SENZA PREVIA PUBBLICAZIONE DEL BANDO	 432.0	0.0	04721290874	AOU Policlinico Vittorio Emanuele di Catania	2014-03-27	2014-09-20	2015-01-13
ffa9dc6521be0368e48955060cd34d8a	04721290874	6b51dc093b76ee74dfb3f0c22537ff450bc83173	ZB50DEDD3D	Acquisto di n.24 confezioni di soluzione 99.99 per apparecchio per la disinfezione e sanificazione degli ambienti sanitari afferenti il P.O.G.Rodolico	23-AFFIDAMENTO IN ECONOMIA - AFFIDAMENTO DIRETTO	 2448.0	0.0	04721290874	AOU Policlinico Vittorio Emanuele di Catania	2014-02-24		2015-01-13
ffa9dc6521be0368e48955060cd34d8a	04721290874	6c6da1bb36cd465c986eb867d112826e5b26f875	6010903213	Adesione alla convenzione CONSIP per la fornitura a somministrazione triennale di Presidi per l'autocontrollo della glicemia - Lotto 2 - Tecnologia avanzata	27-CONFRONTO COMPETITIVO IN ADESIONE AD ACCORDO QUADRO/CONVENZIONE	 145755.0	0.0	04721290874	AOU Policlinico Vittorio Emanuele di Catania	2014-11-19	2017-11-19	2015-01-13
ffa9dc6521be0368e48955060cd34d8a	04721290874	7551079e550fa608a215a8664d98d991af8708bc	5557167F44	slive per punta faco 1,8 mm - cod.BL3118	04-PROCEDURA NEGOZIATA SENZA PREVIA PUBBLICAZIONE DEL BANDO	 240.0	0.0	04721290874	AOU Policlinico Vittorio Emanuele di Catania	2014-03-27	2014-09-20	2015-01-13
ffa9dc6521be0368e48955060cd34d8a	04721290874	81659f4c796a6481f91de196d413612adbd4d08a	5557151214	Fibra ottica Wide angle 25G	04-PROCEDURA NEGOZIATA SENZA PREVIA PUBBLICAZIONE DEL BANDO	 540.0	0.0	04721290874	AOU Policlinico Vittorio Emanuele di Catania	2014-03-27	2014-09-20	2015-01-13
ffa9dc6521be0368e48955060cd34d8a	04721290874	921b5e2091f5520025e8f41c4661a356758852bb	5557157706	punta faco 2,2 mm. - cod. DP8730	04-PROCEDURA NEGOZIATA SENZA PREVIA PUBBLICAZIONE DEL BANDO	 500.0	0.0	04721290874	AOU Policlinico Vittorio Emanuele di Catania	2014-03-27	2014-09-20	2015-01-13
ffa9dc6521be0368e48955060cd34d8a	04721290874	95c4cd35bf98db2db1568bb69c34e6e3cdd1ed19	5557000577	SET VITRECTOMIA POSTERIORE	04-PROCEDURA NEGOZIATA SENZA PREVIA PUBBLICAZIONE DEL BANDO	 490.0	0.0	04721290874	AOU Policlinico Vittorio Emanuele di Catania	2014-03-27	2014-09-20	2015-01-13
ffa9dc6521be0368e48955060cd34d8a	04721290874	95fe4dc7593fdce1bd2d3eadda9ea11b44977836	5557034187	Set infusione olio silicone pesante	04-PROCEDURA NEGOZIATA SENZA PREVIA PUBBLICAZIONE DEL BANDO	 3920.0	0.0	04721290874	AOU Policlinico Vittorio Emanuele di Catania	2014-03-27	2014-09-20	2015-01-13
ffa9dc6521be0368e48955060cd34d8a	04721290874	9ab616ec294256754a934af3e00b368c5429e059	Z8EOED1503	Fornitura in locazione del litotritore Piezolith 3000 presso la Clinica Urologica del P.O.G.Rodolico	23-AFFIDAMENTO IN ECONOMIA - AFFIDAMENTO DIRETTO	 6900.0	0.0	04721290874	AOU Policlinico Vittorio Emanuele di Catania	2014-04-16	2014-09-11	2015-01-13
ffa9dc6521be0368e48955060cd34d8a	04721290874	a67292c425fc20989f47643c7a92cf495ed5691e	5557077502	Penna per endodiatermia 25G cod. E7920	04-PROCEDURA NEGOZIATA SENZA PREVIA PUBBLICAZIONE DEL BANDO	 176.4	0.0	04721290874	AOU Policlinico Vittorio Emanuele di Catania	2014-03-27	2014-09-20	2015-01-13
ffa9dc6521be0368e48955060cd34d8a	04721290874	a99c2fe8795f26fbc9a14b259d0ccf4c57d42e89	5557040679	Penna diatermia da sclera 20G -	04-PROCEDURA NEGOZIATA SENZA PREVIA PUBBLICAZIONE DEL BANDO	 907.92	0.0	04721290874	AOU Policlinico Vittorio Emanuele di Catania	2014-03-27	2014-09-20	2015-01-13
ffa9dc6521be0368e48955060cd34d8a	04721290874	b5908ecbb35ba7b1061a156286aedc9ef6ef8795	ZA011E0564	Acquisto di accessori per la centrifuga NUVE-NF-800R in dotazione all'U.O.C. Laboratori Centralizzati	08-AFFIDAMENTO IN ECONOMIA - COTTIMO FIDUCIARIO	 1037.0	0.0	04721290874	AOU Policlinico Vittorio Emanuele di Catania	2014-12-22		2015-01-13
ffa9dc6521be0368e48955060cd34d8a	04721290874	ba1be34d40c07f87fc55685da8d03506ae7bf26a	55570606FA	Penna per endodiatermia 25G -	04-PROCEDURA NEGOZIATA SENZA PREVIA PUBBLICAZIONE DEL BANDO	 1230.0	0.0	04721290874	AOU Policlinico Vittorio Emanuele di Catania	2014-03-27	2014-09-22	2015-01-13
ffa9dc6521be0368e48955060cd34d8a	04721290874	bb1dcf1a99ccf214b6d8da3e4a1b3ec7d4aab111	5557127E42	Sleve per irrigazione coassiale 2.2	04-PROCEDURA NEGOZIATA SENZA PREVIA PUBBLICAZIONE DEL BANDO	 150.0	0.0	04721290874	AOU Policlinico Vittorio Emanuele di Catania	2014-03-27	2014-09-20	2015-01-13
ffa9dc6521be0368e48955060cd34d8a	04721290874	bba5e1dcf644abd8d345317eceaa35663c97975c	ZBAOE4FA6F	Acquisto mediante RDO di strumentario Stortz per le UnitÃƒÂ  Operative dell'Azienda	04-PROCEDURA NEGOZIATA SENZA PREVIA PUBBLICAZIONE DEL BANDO	 3127.0	0.0	04721290874	AOU Policlinico Vittorio Emanuele di Catania	2014-08-01		2015-01-13
ffa9dc6521be0368e48955060cd34d8a	04721290874	c1c9c3ea9be0f009a82dd67564a357d86fe5e03a	55569647c1	SET VITRECTOMIA	04-PROCEDURA NEGOZIATA SENZA PREVIA PUBBLICAZIONE DEL BANDO	 8961.9	0.0	04721290874	AOU Policlinico Vittorio Emanuele di Catania	2014-03-27	2015-01-29	2015-01-13
ffa9dc6521be0368e48955060cd34d8a	04721290874	ca7dfd5a33ef34aa2784a210fe9f41614c9bf5c7	ZDF0F6BE04	Acquistodistrumentario Storz per la Clinicva Urologica del P.O.G.Rodolico	23-AFFIDAMENTO IN ECONOMIA - AFFIDAMENTO DIRETTO	 2451.0	0.0	04721290874	AOU Policlinico Vittorio Emanuele di Catania	2014-05-29		2015-01-13
ffa9dc6521be0368e48955060cd34d8a	04721290874	d68fd5df160aa8bb1e0c394a3b12af320d4a0110	Z27101DDB5	Acquisto di Pericardio bovino Peri-Guard ed Hemopatchper l'U.Operativa di Cardiochirurgia del P.O.Ferrarotto	23-AFFIDAMENTO IN ECONOMIA - AFFIDAMENTO DIRETTO	 12301.0	0.0	04721290874	AOU Policlinico Vittorio Emanuele di Catania	2014-10-21		2015-01-13
ffa9dc6521be0368e48955060cd34d8a	04721290874	d7dd58b647cc5cf6544baf3a3dff75c0ca2e8cc4	ZD80E4EOF3	Acquisto mediante RDO di strumentario Stortz per UnitÃƒÂ  OIperative dell'Azienda	04-PROCEDURA NEGOZIATA SENZA PREVIA PUBBLICAZIONE DEL BANDO	 4135.0	0.0	04721290874	AOU Policlinico Vittorio Emanuele di Catania	2014-08-01		2015-01-13
ffa9dc6521be0368e48955060cd34d8a	04721290874	d7e2122088b9e15c78745fc734c7a84c723ffa42	5557165D9E	punta faco 1,8 mm. - cod.	04-PROCEDURA NEGOZIATA SENZA PREVIA PUBBLICAZIONE DEL BANDO	 980.0	0.0	04721290874	AOU Policlinico Vittorio Emanuele di Catania	2014-03-27	2014-09-20	2015-01-13
ffa9dc6521be0368e48955060cd34d8a	04721290874	e1a4179f24cc684d64489a21e46c19c57240e52a	555711003F	Ago facoemulsificatore Microflow	04-PROCEDURA NEGOZIATA SENZA PREVIA PUBBLICAZIONE DEL BANDO	 1500.0	0.0	04721290874	AOU Policlinico Vittorio Emanuele di Catania	2014-03-27	2014-09-20	2015-01-13
ffa9dc6521be0368e48955060cd34d8a	04721290874	f18d81a621665597badc16d705f088476dd3f584	Z550F00C38	Acquisto di matewriale di consumo per l'Ossimetro Perimed in dotazione all'u.Operativa di Angiologia Medica del P.O.Ferrarotto	23-AFFIDAMENTO IN ECONOMIA - AFFIDAMENTO DIRETTO	 9976.0	0.0	04721290874	AOU Policlinico Vittorio Emanuele di Catania	2014-05-08		2015-01-13
ffa9dc6521be0368e48955060cd34d8a	04721290874	f1e2c3aa24c68cd4bd1a36d4d8459ac5d50afb85	5557047C3E	Penna per endodiatermia 23G -	04-PROCEDURA NEGOZIATA SENZA PREVIA PUBBLICAZIONE DEL BANDO	 482.2	0.0	04721290874	AOU Policlinico Vittorio Emanuele di Catania	2014-03-27	2014-09-20	2015-01-13
